tag-id,animal-id,animal-taxon,deploy-on-date,deploy-off-date,animal-death-comments,animal-life-stage,animal-reproductive-condition,animal-sex,animal-taxon-detail,attachment-type,deploy-off-latitude,deploy-off-longitude,deploy-on-latitude,deploy-on-longitude,deploy-on-person,deployment-comments,deployment-end-comments,deployment-end-type,deployment-id,manipulation-type,study-site,tag-beacon-frequency,tag-manufacturer-name,tag-model,tag-serial-no
151.51,HR_151.510,Rangifer tarandus,,,,,,f,caribou,collar,,,,,,,,unknown,151.510_151.510,none,Hart Ranges,151.51,,,
C04a,GR_C04,Rangifer tarandus,,59:00.0,,,,f,caribou,collar,,,,,,,,unknown,C04_C04a,none,Graham,,,,
C03,GR_C03,Rangifer tarandus,,,,,,f,caribou,collar,,,,,,,,unknown,C03_C03,none,Graham,,,,
151.805,HR_151.805,Rangifer tarandus,,,,,,f,caribou,collar,,,,,,,,unknown,151.805_151.805,none,Hart Ranges,151.805,,,
151.76,HR_151.760,Rangifer tarandus,,,,,,f,caribou,collar,,,,,,,,unknown,151.760_151.760,none,Hart Ranges,151.76,,,
151.72,HR_151.720,Rangifer tarandus,,,,,,f,caribou,collar,,,,,,,,unknown,151.720_151.720,none,Hart Ranges,151.72,,,
C18,GR_C18,Rangifer tarandus,,,,,,f,caribou,collar,,,,,,,,unknown,C18_C18,none,Graham,,,,
car120,KE_car120,Rangifer tarandus,,59:00.0,,,,f,caribou,collar,,,,,,,,removal,car120_car120,none,Kennedy,148.08,,,
car118,KE_car118,Rangifer tarandus,,59:00.0,time/place of death based on Telemetry. cod Unknown,,,f,caribou,collar,55.26054377,-122.6404902,,,,,,dead,car118_car118,none,Kennedy,148.367,,,
151.579,HR_151.579,Rangifer tarandus,,,,,,f,caribou,collar,,,,,,,,unknown,151.579_151.579,none,Hart Ranges,151.579,,,
C13,GR_C13,Rangifer tarandus,,,,,,f,caribou,collar,,,,,,,,unknown,C13_C13,none,Graham,,,,
151.744,HR_151.744,Rangifer tarandus,,,,,,f,caribou,collar,,,,,,,,unknown,151.744_151.744,none,Hart Ranges,151.744,,,
GC13,GR_GC13,Rangifer tarandus,,,,,,f,caribou,collar,,,,,,,,unknown,GC13_GC13,none,Graham,,,,
C06a,GR_C06,Rangifer tarandus,,59:00.0,,,,f,caribou,collar,,,,,,,,unknown,C06_C06a,none,Graham,,,,
151.535,HR_151.535,Rangifer tarandus,,,,,,f,caribou,collar,,,,,,,,unknown,151.535_151.535,none,Hart Ranges,151.535,,,
151.6,HR_151.600,Rangifer tarandus,,,,,,f,caribou,collar,,,,,,,,unknown,151.600_151.600,none,Hart Ranges,151.6,,,
C08a,GR_C08,Rangifer tarandus,,59:00.0,,,,f,caribou,collar,,,,,,,,unknown,C08_C08a,none,Graham,,,,
GC08,GR_GC08,Rangifer tarandus,,,,,,f,caribou,collar,,,,,,,,unknown,GC08_GC08,none,Graham,,,,
152.641,HR_152.641,Rangifer tarandus,,,,,,f,caribou,collar,,,,,,,,unknown,152.641_152.641,none,Hart Ranges,152.641,,,
151.66,HR_151.660,Rangifer tarandus,,,,,,f,caribou,collar,,,,,,,,unknown,151.660_151.660,none,Hart Ranges,151.66,,,
151.735,HR_151.735,Rangifer tarandus,,,,,,f,caribou,collar,,,,,,,,unknown,151.735_151.735,none,Hart Ranges,151.735,,,
C20,GR_C20,Rangifer tarandus,,,,,,f,caribou,collar,,,,,,,,unknown,C20_C20,none,Graham,,,,
151.55,HR_151.550,Rangifer tarandus,,,,,,f,caribou,collar,,,,,,,,unknown,151.550_151.550,none,Hart Ranges,151.55,,,
151.775,HR_151.775,Rangifer tarandus,,,,,,f,caribou,collar,,,,,,,,unknown,151.775_151.775,none,Hart Ranges,151.775,,,
C05a,GR_C05,Rangifer tarandus,,59:00.0,,,,f,caribou,collar,,,,,,,,unknown,C05_C05a,none,Graham,,,,
151.68,HR_151.680,Rangifer tarandus,,,,,,f,caribou,collar,,,,,,,,unknown,151.680_151.680,none,Hart Ranges,151.68,,,
C14,GR_C14,Rangifer tarandus,,,,,,f,caribou,collar,,,,,,,,unknown,C14_C14,none,Graham,,,,
C07,GR_C07,Rangifer tarandus,,,,,,f,caribou,collar,,,,,,,,unknown,C07_C07,none,Graham,,,,
GC17,GR_GC17,Rangifer tarandus,,,,,,f,caribou,collar,,,,,,,,unknown,GC17_GC17,none,Graham,,,,
151.62,HR_151.620,Rangifer tarandus,,,,,,f,caribou,collar,,,,,,,,unknown,151.620_151.620,none,Hart Ranges,151.62,,,
GC07,GR_GC07,Rangifer tarandus,,,,,,f,caribou,collar,,,,,,,,unknown,GC07_GC07,none,Graham,,,,
151.499,HR_151.499,Rangifer tarandus,,,,,,f,caribou,collar,,,,,,,,unknown,151.499_151.499,none,Hart Ranges,151.499,,,
GC15,GR_GC15,Rangifer tarandus,,,,,,f,caribou,collar,,,,,,,,unknown,GC15_GC15,none,Graham,,,,
GC22,GR_GC22,Rangifer tarandus,,,,,,f,caribou,collar,,,,,,,,unknown,GC22_GC22,none,Graham,,,,
151.785,HR_151.785,Rangifer tarandus,,,,,,f,caribou,collar,,,,,,,,unknown,151.785_151.785,none,Hart Ranges,151.785,,,
151.57,HR_151.570,Rangifer tarandus,,,,,,f,caribou,collar,,,,,,,,unknown,151.570_151.570,none,Hart Ranges,151.57,,,
CG06,GR_CG06,Rangifer tarandus,,,,,,f,caribou,collar,,,,,,,,unknown,CG06_CG06,none,Graham,,,,
GC10,GR_GC10,Rangifer tarandus,,,,,,f,caribou,collar,,,,,,,,unknown,GC10_GC10,none,Graham,,,,
151.7,HR_151.700,Rangifer tarandus,,,,,,f,caribou,collar,,,,,,,,unknown,151.700_151.700,none,Hart Ranges,151.7,,,
GC19,GR_GC19,Rangifer tarandus,,,,,,f,caribou,collar,,,,,,,,unknown,GC19_GC19,none,Graham,,,,
151.635,HR_151.635,Rangifer tarandus,,,,,,f,caribou,collar,,,,,,,,unknown,151.635_151.635,none,Hart Ranges,151.635,,,
GC03,GR_GC03,Rangifer tarandus,,,,,,f,caribou,collar,,,,,,,,unknown,GC03_GC03,none,Graham,,,,
C16,GR_C16,Rangifer tarandus,,,,,,f,caribou,collar,,,,,,,,unknown,C16_C16,none,Graham,,,,
151.589,HR_151.589,Rangifer tarandus,,,,,,f,caribou,collar,,,,,,,,unknown,151.589_151.589,none,Hart Ranges,151.589,,,
151.801,HR_151.801,Rangifer tarandus,,,,,,f,caribou,collar,,,,,,,,unknown,151.801_151.801,none,Hart Ranges,151.801,,,
151.749,HR_151.749,Rangifer tarandus,,,,,,f,caribou,collar,,,,,,,,unknown,151.749_151.749,none,Hart Ranges,151.749,,,
GC14,GR_GC14,Rangifer tarandus,,,,,,f,caribou,collar,,,,,,,,unknown,GC14_GC14,none,Graham,,,,
car119,KE_car119,Rangifer tarandus,,59:00.0,,,,f,caribou,collar,,,,,,,,removal,car119_car119,none,Kennedy,148.096,,,
C19,GR_C19,Rangifer tarandus,,,,,,f,caribou,collar,,,,,,,,unknown,C19_C19,none,Graham,,,,
GC09,GR_GC09,Rangifer tarandus,,,,,,f,caribou,collar,,,,,,,,unknown,GC09_GC09,none,Graham,,,,
151.739,HR_151.739,Rangifer tarandus,,,,,,f,caribou,collar,,,,,,,,unknown,151.739_151.739,none,Hart Ranges,151.739,,,
151.711,HR_151.711,Rangifer tarandus,,,,,,f,caribou,collar,,,,,,,,unknown,151.711_151.711,none,Hart Ranges,151.711,,,
151.649,HR_151.649,Rangifer tarandus,,,,,,f,caribou,collar,,,,,,,,unknown,151.649_151.649,none,Hart Ranges,151.649,,,
C01a,GR_C01,Rangifer tarandus,,59:00.0,,,,f,caribou,collar,,,,,,,,unknown,C01_C01a,none,Graham,,,,
GC02,GR_GC02,Rangifer tarandus,,,,,,f,caribou,collar,,,,,,,,unknown,GC02_GC02,none,Graham,,,,
151.67,HR_151.670,Rangifer tarandus,,,,,,f,caribou,collar,,,,,,,,unknown,151.670_151.670,none,Hart Ranges,151.67,,,
151.609,HR_151.609,Rangifer tarandus,,,,,,f,caribou,collar,,,,,,,,unknown,151.609_151.609,none,Hart Ranges,151.609,,,
151.96,HR_151.960,Rangifer tarandus,,,,,,f,caribou,collar,,,,,,,,unknown,151.960_151.960,none,Hart Ranges,151.96,,,
151.77,HR_151.770,Rangifer tarandus,,,,,,f,caribou,collar,,,,,,,,unknown,151.770_151.770,none,Hart Ranges,151.77,,,
151.73,HR_151.730,Rangifer tarandus,,,,,,f,caribou,collar,,,,,,,,unknown,151.730_151.730,none,Hart Ranges,151.73,,,
C21,GR_C21,Rangifer tarandus,,,,,,f,caribou,collar,,,,,,,,unknown,C21_C21,none,Graham,,,,
car121,KE_car121,Rangifer tarandus,,59:00.0,,,,f,caribou,collar,,,,,,,,removal,car121_car121,none,Kennedy,148.12,,,
GC12,GR_GC12,Rangifer tarandus,,,,,,f,caribou,collar,,,,,,,,unknown,GC12_GC12,none,Graham,,,,
GC05,GR_GC05,Rangifer tarandus,,,,,,f,caribou,collar,,,,,,,,unknown,GC05_GC05,none,Graham,,,,
C10a,GR_C10,Rangifer tarandus,,59:00.0,,,,f,caribou,collar,,,,,,,,unknown,C10_C10a,none,Graham,,,,
C11,GR_C11,Rangifer tarandus,,,,,,f,caribou,collar,,,,,,,,unknown,C11_C11,none,Graham,,,,
151.519,HR_151.519,Rangifer tarandus,,,,,,f,caribou,collar,,,,,,,,unknown,151.519_151.519,none,Hart Ranges,151.519,,,
151.69,HR_151.690,Rangifer tarandus,,,,,,f,caribou,collar,,,,,,,,unknown,151.690_151.690,none,Hart Ranges,151.69,,,
C12a,GR_C12,Rangifer tarandus,,59:00.0,,,,f,caribou,collar,,,,,,,,unknown,C12_C12a,none,Graham,,,,
GC21,GR_GC21,Rangifer tarandus,,,,,,f,caribou,collar,,,,,,,,unknown,GC21_GC21,none,Graham,,,,
C02a,GR_C02,Rangifer tarandus,,00:00.0,,,,f,caribou,collar,,,,,,,,unknown,C02_C02a,none,Graham,,,,
151.629,HR_151.629,Rangifer tarandus,,,,,,f,caribou,collar,,,,,,,,unknown,151.629_151.629,none,Hart Ranges,151.629,,,
GC06,GR_GC06,Rangifer tarandus,,,,,,f,caribou,collar,,,,,,,,unknown,GC06_GC06,none,Graham,,,,
C15,GR_C15,Rangifer tarandus,,,,,,f,caribou,collar,,,,,,,,unknown,C15_C15,none,Graham,,,,
151,HR_151.000,Rangifer tarandus,,,,,,f,caribou,collar,,,,,,,,unknown,151.000_151.000,none,Hart Ranges,151,,,
GC23,GR_GC23,Rangifer tarandus,,,,,,f,caribou,collar,,,,,,,,unknown,GC23_GC23,none,Graham,,,,
151.78,HR_151.780,Rangifer tarandus,,,,,,f,caribou,collar,,,,,,,,unknown,151.780_151.780,none,Hart Ranges,151.78,,,
GC04,GR_GC04,Rangifer tarandus,,,,,,f,caribou,collar,,,,,,,,unknown,GC04_GC04,none,Graham,,,,
GC11,GR_GC11,Rangifer tarandus,,,,,,f,caribou,collar,,,,,,,,unknown,GC11_GC11,none,Graham,,,,
C09a,GR_C09,Rangifer tarandus,,59:00.0,,,,f,caribou,collar,,,,,,,,unknown,C09_C09a,none,Graham,,,,
151.54,HR_151.540,Rangifer tarandus,,,,,,f,caribou,collar,,,,,,,,unknown,151.540_151.540,none,Hart Ranges,151.54,,,
C22,GR_C22,Rangifer tarandus,,,,,,f,caribou,collar,,,,,,,,unknown,C22_C22,none,Graham,,,,
151.701,HR_151.701,Rangifer tarandus,,,,,,f,caribou,collar,,,,,,,,unknown,151.701_151.701,none,Hart Ranges,151.701,,,
GC18,GR_GC18,Rangifer tarandus,,,,,,f,caribou,collar,,,,,,,,unknown,GC18_GC18,none,Graham,,,,
C17,GR_C17,Rangifer tarandus,,,,,,f,caribou,collar,,,,,,,,unknown,C17_C17,none,Graham,,,,
151.641,HR_151.641,Rangifer tarandus,,,,,,f,caribou,collar,,,,,,,,unknown,151.641_151.641,none,Hart Ranges,151.641,,,
GC01,GR_GC01,Rangifer tarandus,,,,,,f,caribou,collar,,,,,,,,unknown,GC01_GC01,none,Graham,,,,
151.79,HR_151.790,Rangifer tarandus,,,,,,f,caribou,collar,,,,,,,,unknown,151.790_151.790,none,Hart Ranges,151.79,,,
GC16,GR_GC16,Rangifer tarandus,,,,,,f,caribou,collar,,,,,,,,unknown,GC16_GC16,none,Graham,,,,
GC20,GR_GC20,Rangifer tarandus,,59:00.0,,,,f,caribou,collar,,,,,,,deployment end time set to exclude locations in Fort St John,unknown,GC20_GC20,none,Graham,,,,
151.559,HR_151.559,Rangifer tarandus,,,,,,f,caribou,collar,,,,,,,,unknown,151.559_151.559,none,Hart Ranges,151.559,,,
C06b,GR_C06,Rangifer tarandus,00:00.0,,,,,f,caribou,collar,,,,,,,,unknown,C06_C06b,none,Graham,,,,
C04b,GR_C04,Rangifer tarandus,00:00.0,,,,,f,caribou,collar,,,,,,,,unknown,C04_C04b,none,Graham,,,,
C10b,GR_C10,Rangifer tarandus,00:00.0,,,,,f,caribou,collar,,,,,,,,unknown,C10_C10b,none,Graham,,,,
C08b,GR_C08,Rangifer tarandus,00:00.0,,,,,f,caribou,collar,,,,,,,,unknown,C08_C08b,none,Graham,,,,
C02b,GR_C02,Rangifer tarandus,01:00.0,,,,,f,caribou,collar,,,,,,,,unknown,C02_C02b,none,Graham,,,,
C09b,GR_C09,Rangifer tarandus,00:00.0,,,,,f,caribou,collar,,,,,,,,unknown,C09_C09b,none,Graham,,,,
C05b,GR_C05,Rangifer tarandus,00:00.0,,,,,f,caribou,collar,,,,,,,,unknown,C05_C05b,none,Graham,,,,
C12b,GR_C12,Rangifer tarandus,00:00.0,,,,,f,caribou,collar,,,,,,,,unknown,C12_C12b,none,Graham,,,,
C01b,GR_C01,Rangifer tarandus,00:00.0,,,,,f,caribou,collar,,,,,,,,unknown,C01_C01b,none,Graham,,,,
car004,KE_car004,Rangifer tarandus,00:00.0,59:00.0,time/place of death based on Telemetry. cod Predation - Wolf,,,f,caribou,collar,55.14010822,-122.4416668,55.19803367,-122.3872998,MW,General capture location.,,dead,car004_car004,none,Kennedy,150.552,,VHF,
car006,MO_car006,Rangifer tarandus,00:00.0,59:00.0,time/place of death based on Telemetry. cod Unknown,,,f,caribou,collar,55.79959912,-122.4869026,55.8452695,-122.441041,MW,General capture location.,,dead,car006_car006,none,Moberly,151.31,,VHF,
car002,HR_car002,Rangifer tarandus,00:00.0,,,,,f,caribou,collar,,,54.84585894,-122.1123246,MW,General capture location.,Not Monitored,other,car002_car002,none,Hart Ranges,150.591,,VHF,
car005,MO_car005,Rangifer tarandus,00:00.0,59:00.0,time/place of death based on Telemetry. cod Predation - Wolf,,,f,caribou,collar,55.57496066,-122.4299303,55.6115137,-122.4126199,MW,General capture location.,,dead,car005_car005,none,Moberly,151.45,,VHF,
car003,KE_car003,Rangifer tarandus,00:00.0,59:00.0,time/place of death based on Telemetry. cod Unknown.  Suspected predation,,,f,caribou,collar,55.28844832,-122.6507406,55.17964289,-122.3090656,MW,General capture location.,,dead,car003_car003,none,Kennedy,150.501,,VHF,
car001,HR_car001,Rangifer tarandus,00:00.0,59:00.0,time/place of death based on Telemetry. cod Unknown.  Suspected predation,,,f,caribou,collar,54.87308473,-122.1519024,54.79914462,-121.8955665,MW,General capture location.,,dead,car001_car001,none,Hart Ranges,151.441,,VHF,
car008,QU_car008,Rangifer tarandus,00:00.0,59:00.0,time/place of death based on Telemetry. cod Predation - Grizzly Bear,,,f,caribou,collar,54.95871159,-121.2507174,54.95508317,-121.3759404,MW,General capture location.,,dead,car008_car008,none,Quintette,151.791,,VHF,
car007,QU_car007,Rangifer tarandus,00:00.0,,,,,f,caribou,collar,,,55.01077924,-121.5144396,MW,General capture location.,the tag remained deployed as of 7/31/2016 when data were sent to be added Movebank,other,car007_car007,none,Quintette,151.72,,VHF,
car010,MO_car010,Rangifer tarandus,00:00.0,59:00.0,,,pregnant: Yes; with calf:,f,caribou,collar,,,55.62057375,-122.4283635,MW,General capture location.,Recovered failed collar and replaced with a new one.,removal,car010_car010_1,none,Moberly,151.98,Televilt,GPS,
car009,MO_car009,Rangifer tarandus,00:00.0,59:00.0,,,,f,caribou,collar,,,55.62057375,-122.4283635,MW,General capture location.,Recovered failed collar and replaced with a new one.,removal,car009_car009_1,none,Moberly,151.97,Televilt,GPS,
car011,KE_car011,Rangifer tarandus,00:00.0,59:00.0,,,,f,caribou,collar,,,55.10060221,-122.8276088,MW,General capture location.,Recovered failed GPS collar and replaced with a new one.,removal,car011_car011_1,none,Kennedy,151.871,Televilt,GPS,
car014,QU_car014,Rangifer tarandus,00:00.0,59:00.0,,,,f,caribou,collar,,,54.93470448,-121.0077883,MW,,,removal,car014_car014,none,Quintette,151.991,Televilt,GPS,
car012,QU_car012,Rangifer tarandus,00:00.0,59:00.0,,,,f,caribou,collar,,,55.08680268,-121.4975209,MW,,,removal,car012_car012_1,none,Quintette,151.88,Televilt,GPS,
car013,QU_car013,Rangifer tarandus,00:00.0,,,,,f,caribou,collar,,,54.99173725,-121.1354477,MW,,Lost,other,car013_car013,none,Quintette,151.3,Televilt,GPS,
car015,QU_car015,Rangifer tarandus,00:00.0,,,,,f,caribou,collar,,,54.84596772,-121.6484788,MW,,Lost,other,car015_car015,none,Quintette,151.891,Televilt,GPS,
car017,HR_car017,Rangifer tarandus,00:00.0,,,,pregnant: No; with calf:,f,caribou,collar,,,54.73731502,-122.0215071,MW,General capture location.,Lost,other,car017_car017,none,Hart Ranges,151.86,Televilt,GPS,
car019,HR_car019,Rangifer tarandus,00:00.0,59:00.0,,,,f,caribou,collar,,,55.25290499,-122.622436,MW,General capture location.,,removal,car019_car019_1,none,Hart Ranges,151.95,Televilt,GPS,
car018,KE_car018,Rangifer tarandus,00:00.0,59:00.0,,,pregnant: Yes; with calf:,f,caribou,collar,,,55.25290499,-122.622436,MW,General capture location.,,removal,car018_car018,none,Kennedy,151.94,Televilt,GPS,
car016,HR_car016,Rangifer tarandus,00:00.0,59:00.0,,,pregnant: Yes; with calf:,f,caribou,collar,,,54.68444694,-122.1623857,MW,General capture location.,Recovered non-working green GPS collar. Cow very skinny.,removal,car016_car016_1,none,Hart Ranges,151.319,Televilt,GPS,
car020,MO_car020,Rangifer tarandus,00:00.0,59:00.0,,,,f,caribou,collar,,,55.62057375,-122.4283635,MW,General capture location.,,removal,car020_car020_1,none,Moberly,151.96,Televilt,GPS,
car022,BP_car022,Rangifer tarandus,00:00.0,,,,,m,caribou,collar,,,55.3291827,-122.112745,MW,,Lost,other,car022_car022,none,Burnt Pine,151.601,,VHF,
car009,MO_car009,Rangifer tarandus,00:00.0,59:00.0,,,,f,caribou,collar,55.55748673,-122.5931093,55.63302764,-122.4321849,MW,Replacement for failed GPS collar 151.970.,,dead,car009_car009_2,none,Moberly,151.97,Televilt,GPS,
car021,MO_car021,Rangifer tarandus,00:00.0,59:00.0,time/place of death based on Telemetry. cod Accidental.  Caught in tree well,,,f,caribou,collar,55.79194945,-122.4797465,55.73641563,-122.4982588,MW,,,dead,car021_car021,none,Moberly,151.61,,VHF,
car023,BP_car023,Rangifer tarandus,00:00.0,59:00.0,time/place of death based on Telemetry. cod Unknown.  Suspected wolf predation,,,f,caribou,collar,55.35056319,-122.3520333,55.33143354,-122.27706,MW,,,dead,car023_car023,none,Burnt Pine,151.671,,VHF,
car011,KE_car011,Rangifer tarandus,00:00.0,59:00.0,,,,f,caribou,collar,55.42793026,-122.8737792,55.1974871,-122.4039453,MW,Replacement for failed GPS collar 151.871.,,dead,car011_car011_2,none,Kennedy,151.871,Televilt,GPS,
car024,KE_car024,Rangifer tarandus,00:00.0,59:00.0,,,pregnant: Yes; with calf: Y,f,caribou,collar,,,55.11430982,-122.8176887,EJ/DH/GW,Cow with calf. Left antler broke during capture. Fecal sample taken from ground.,,removal,car024_car024,none,Kennedy,148.12,ATS,GPS,
car010,MO_car010,Rangifer tarandus,00:00.0,59:00.0,,,pregnant: Yes; with calf:,f,caribou,collar,,,55.74097258,-122.6244912,EJ/DH/GW,Replacement for failed GPS collar 151.980. Fecal sample taken from ground.,,removal,car010_car010_2,none,Moberly,151.98,Televilt,GPS,
car025,KE_car025,Rangifer tarandus,00:00.0,59:00.0,,,pregnant: No; with calf: Y,f,caribou,collar,,,55.10778298,-122.8158218,EJ/DH/GW,Cow with calf.  Relatively young female. Fecal sample taken from caribou.,,removal,car025_car025,none,Kennedy,148.777,ATS,GPS,
car020,MO_car020,Rangifer tarandus,00:00.0,59:00.0,,,,f,caribou,collar,,,55.62222675,-122.4745015,EJ/DH/GW,Very fat cow. Fecal sample taken from ground.,,removal,car020_car020_2,none,Moberly,151.96,Televilt,GPS,
car027,KE_car027,Rangifer tarandus,00:00.0,59:00.0,time/place of death based on Reported. cod Train collision,,with calf: Unk,f,caribou,collar,55.10001031,-122.8284576,55.10919648,-122.8175866,EJ/DH/GW,Cow - 7 or 8 in group.,,dead,car027_car027,none,Kennedy,148.36,,VHF,
car028,KE_car028,Rangifer tarandus,00:00.0,59:00.0,time/place of death based on Telemetry. cod Unknown.  Suspected predation,,pregnant: Yes; with calf: N,f,caribou,collar,55.18750331,-122.2610877,55.10936852,-122.8184636,EJ/DH/GW,"2 cows, 1 bull.",,dead,car028_car028,none,Kennedy,148.45,,VHF,
car026,KE_car026,Rangifer tarandus,00:00.0,59:00.0,time/place of death based on Telemetry. cod Predation - Wolf,,,m,caribou,collar,55.33195405,-122.7517941,55.12425829,-122.8372135,EJ/DH/GW,BULL.  Relatively young bull. Left antler tine broken.,,dead,car026_car026,none,Kennedy,148.43,,VHF,
car029,HR_car029,Rangifer tarandus,00:00.0,59:00.0,,,pregnant: Yes; with calf: Unk,f,caribou,collar,,,54.64064391,-121.8693721,EJ/DH/GW,7 caribou in group. Ultrasound batteries dead.  Estimated backfat from surgery (min. estimate as Doug didn't want to push scapel to far as potential for nerve damage).,,removal,car029_car029,none,Hart Ranges,148.398,ATS,GPS,
car019,HR_car019,Rangifer tarandus,00:00.0,59:00.0,,,,f,caribou,collar,54.85556096,-122.1341847,54.98381808,-122.3044319,EJ/DH/GW,Captured cow and calf in net. Didn't do backfat surgery as animal seemed to have no fat and protruding bones.,,dead,car019_car019_2,none,Hart Ranges,151.95,Televilt,GPS,
car012,QU_car012,Rangifer tarandus,00:00.0,59:00.0,,,,f,caribou,collar,,,55.12647647,-121.3860704,EJ/DH/GW,"At least 15 animals, saw at least one calf in group. Estimated backfat from surgery. Cow is quite skinny with a big pot belly.",,removal,car012_car012_2,none,Quintette,151.88,Televilt,GPS,
car030,HR_car030,Rangifer tarandus,00:00.0,59:00.0,,,pregnant: Yes; with calf:,f,caribou,collar,,,54.85115599,-122.1327371,EJ/DH/GW,Estimated backfat from surgery.,,removal,car030_car030,none,Hart Ranges,148.41,ATS,GPS,
car031,QU_car031,Rangifer tarandus,00:00.0,59:00.0,,,pregnant: Yes; with calf: N,f,caribou,collar,,,54.98549849,-121.259696,EJ/DH/GW,Estimated backfat from surgery.  10.0mm minimum estimate as Doug didn't want to insert scalpel too deep.,,removal,car031_car031,none,Quintette,148.367,ATS,GPS,
car033,HR_car033,Rangifer tarandus,00:00.0,,,,pregnant: Yes; with calf: Y,f,caribou,collar,,,54.70054251,-122.1057086,EJ/TH/GW,Cow quite skinny. Tons of tracks and alectoria abundant.,Not Monitored,other,car033_car033,none,Hart Ranges,148.34,,VHF,
car032,BP_car032,Rangifer tarandus,00:00.0,59:00.0,,,pregnant: No; with calf: Y,f,caribou,collar,,,55.33570437,-122.1111803,EJ/TH/GW,"About 20 caribou on ridgeline, 1 bull in group.",,removal,car032_car032,none,Burnt Pine,148.39,ATS,GPS,
car016,HR_car016,Rangifer tarandus,00:00.0,59:00.0,,,pregnant: Yes; with calf:,f,caribou,collar,54.82947471,-122.3373969,54.77496809,-122.2699003,EJ/DH/GW,Recovered non-working green GPS collar. Cow very skinny.,,dead,car016_car016_2,none,Hart Ranges,151.319,Televilt,GPS,
car034,HR_car034,Rangifer tarandus,00:00.0,59:00.0,time/place of death based on Telemetry. cod Unknown.  Suspected predation,,with calf: Y,f,caribou,collar,54.66060358,-121.9093894,54.66469339,-121.7687606,EJ/GW/DH,"2 cows, 2 yearlings.",,dead,car034_car034,none,Hart Ranges,148.65,,VHF,
car035,QU_car035,Rangifer tarandus,00:00.0,59:00.0,time/place of death based on Telemetry. cod Unknown,,pregnant: Yes; with calf: N,f,caribou,collar,54.97576635,-121.3467766,54.91831093,-121.418614,EJ/BC,Doug spun blood.,,dead,car035_car035,none,Quintette,148.46,,VHF,
car039,KE_car039,Rangifer tarandus,00:00.0,,,,pregnant: Yes; with calf: N,f,caribou,collar,,,55.24859698,-122.6126612,EJ/GW/BB,,the tag remained deployed as of 7/31/2016 when data were sent to be added Movebank,other,car039_car039,none,Kennedy,150.986,,VHF,
car038,QU_car038,Rangifer tarandus,00:00.0,59:00.0,time/place of death based on Telemetry. cod Unknown.  Suspected predation,,pregnant: Yes; with calf: N,f,caribou,collar,55.13667472,-121.3596321,54.91675535,-121.5044565,EJ/GW/BB,,,dead,car038_car038,none,Quintette,148.331,,VHF,
car037,QU_car037,Rangifer tarandus,00:00.0,59:00.0,time/place of death based on Telemetry. cod Unknown.  Found 50m from TREND open pit mine.  Area littered with rock from blasts from the mine.,,pregnant: Yes; with calf: N,f,caribou,collar,54.88449017,-120.9459692,54.87151888,-120.9613893,EJ/GW/BB,,,dead,car037_car037,none,Quintette,148.319,,VHF,
car036,QU_car036,Rangifer tarandus,00:00.0,59:00.0,time/place of death based on Telemetry. cod Unknown.  Collar inaccessible and still in field.,,pregnant: Yes; with calf: Y,f,caribou,collar,54.8121116,-121.0757684,54.87151888,-120.9613893,EJ/GW/BB,,,dead,car036_car036,none,Quintette,148.31,,VHF,
car041,QU_car041,Rangifer tarandus,00:00.0,59:00.0,,,,f,caribou,collar,,,55.13332455,-121.3833312,,,,removal,car041_car041,none,Quintette,148.358,ATS,GPS,
car043,BP_car043,Rangifer tarandus,00:00.0,59:00.0,,,,f,caribou,collar,,,55.37099082,-122.2005993,,,,removal,car043_car043,none,Burnt Pine,148.13,ATS,GPS,
car040,QU_car040,Rangifer tarandus,00:00.0,59:00.0,,,,f,caribou,collar,,,55.13332455,-121.3833312,,,,removal,car040_car040,none,Quintette,148.438,ATS,GPS,
car044,KE_car044,Rangifer tarandus,00:00.0,59:00.0,,,,f,caribou,collar,,,55.28654828,-122.6136143,,,,removal,car044_car044,none,Kennedy,148.38,ATS,GPS,
car042,QU_car042,Rangifer tarandus,00:00.0,59:00.0,,,,f,caribou,collar,,,55.13332455,-121.3833312,,,,removal,car042_car042,none,Quintette,148.65,ATS,GPS,
car046,QU_car046,Rangifer tarandus,00:00.0,59:00.0,,,,f,caribou,collar,,,54.87210202,-121.0139327,,,,removal,car046_car046,none,Quintette,148.777,ATS,GPS,
car045,QU_car045,Rangifer tarandus,00:00.0,59:00.0,,,,f,caribou,collar,,,54.87210202,-121.0139327,,,,removal,car045_car045,none,Quintette,148.39,ATS,GPS,
car047,KE_car047,Rangifer tarandus,00:00.0,59:00.0,time/place of death based on GPS. cod Unknown.  Suspected predation,,,f,caribou,collar,55.13353496,-122.7988091,,,DH/GW,,,dead,car047_car047,none,Kennedy,148.519,ATS,GPS,
car048,KE_car048,Rangifer tarandus,00:00.0,59:00.0,,,,f,caribou,collar,,,,,DH/GW,,,removal,car048_car048,none,Kennedy,148.096,ATS,GPS,
car050,KE_car050,Rangifer tarandus,00:00.0,59:00.0,,,,f,caribou,collar,,,,,DH/GW,,,removal,car050_car050,none,Kennedy,148.398,ATS,GPS,
car049,KE_car049,Rangifer tarandus,00:00.0,59:00.0,,,,f,caribou,collar,,,,,DH/GW,,,removal,car049_car049,none,Kennedy,148.367,ATS,GPS,
car051,KE_car051,Rangifer tarandus,00:00.0,59:00.0,,,,f,caribou,collar,,,,,DH/GW,,,removal,car051_car051,none,Kennedy,148.41,ATS,GPS,
car052,MO_car052,Rangifer tarandus,00:00.0,59:00.0,time/place of death based on GPS. cod Unknown,,,f,caribou,collar,55.81758294,-122.6329781,55.88574219,-122.4701474,,,,dead,car052_car052,none,Moberly,148.12,ATS,GPS,
car053,KE_car053,Rangifer tarandus,00:00.0,59:00.0,,,,f,caribou,collar,,,55.47559924,-122.3824952,,,,removal,car053_car053,none,Kennedy,148.761,ATS,GPS,
car056,NA_car056,Rangifer tarandus,00:00.0,59:00.0,time/place of death based on GPS. cod Unknown,,,f,caribou,collar,55.07521916,-119.8034758,55.10098519,-120.4629697,BC/DC,,,dead,car056_car056,none,Narraway,148.209,ATS,GPS,
car055,NA_car055,Rangifer tarandus,00:00.0,59:00.0,time/place of death based on GPS. cod Predation - Wolf,,,m,caribou,collar,55.06577302,-120.6386488,55.03074459,-120.59541,BC/DC,,,dead,car055_car055,none,Narraway,148.228,ATS,GPS,
car054,NA_car054,Rangifer tarandus,00:00.0,59:00.0,time/place of death based on GPS. cod Unknown,,,f,caribou,collar,54.61526976,-120.704339,55.02907353,-120.6073092,BC/DC,,,dead,car054_car054,none,Narraway,148.191,ATS,GPS,
car060,QU_car060,Rangifer tarandus,00:00.0,,,,,f,caribou,collar,,,54.84444491,-121.0255249,,,Lost,other,car060_car060,none,Quintette,150.539,ATS,GPS,
car057,QU_car057,Rangifer tarandus,00:00.0,59:00.0,,,,f,caribou,collar,,,54.86347588,-120.8688407,,,,removal,car057_car057,none,Quintette,150.69,ATS,GPS,
car059,QU_car059,Rangifer tarandus,00:00.0,59:00.0,,,,f,caribou,collar,,,54.85090893,-121.0272655,,,,removal,car059_car059,none,Quintette,150.559,ATS,GPS,
car058,QU_car058,Rangifer tarandus,00:00.0,59:00.0,,,,f,caribou,collar,,,54.86184041,-120.8775911,,,,removal,car058_car058,none,Quintette,150.658,ATS,GPS,
car061,KE_car061,Rangifer tarandus,00:00.0,59:00.0,time/place of death based on GPS. cod Unknown.  Suspected wolf (or possibly wolverine) predation,,,f,caribou,collar,55.19950918,-122.4380599,55.25288041,-122.6145703,,,,dead,car061_car061,none,Kennedy,148.08,ATS,GPS,
car065,KE_car065,Rangifer tarandus,00:00.0,59:00.0,,,,f,caribou,collar,,,55.25288041,-122.6145703,,,,removal,car065_car065,none,Kennedy,148.04,ATS,GPS,
car062,KE_car062,Rangifer tarandus,00:00.0,59:00.0,,,,f,caribou,collar,,,55.25288041,-122.6145703,,,,removal,car062_car062,none,Kennedy,148.151,ATS,GPS,
car064,KE_car064,Rangifer tarandus,00:00.0,59:00.0,,,,f,caribou,collar,,,55.25288041,-122.6145703,,,,removal,car064_car064,none,Kennedy,148.058,ATS,GPS,
car063,KE_car063,Rangifer tarandus,00:00.0,59:00.0,,,,f,caribou,collar,,,55.25288041,-122.6145703,,,,removal,car063_car063,none,Kennedy,148.169,ATS,GPS,
car069,QU_car069,Rangifer tarandus,00:00.0,59:00.0,,,,f,caribou,collar,,,55.13725555,-121.3869846,,,,removal,car069_car069,none,Quintette,150.597,ATS,GPS,
car066,MO_car066,Rangifer tarandus,00:00.0,59:00.0,time/place of death based on GPS. cod Predation - Wolf,,,f,caribou,collar,55.54004001,-122.5603005,55.7496281,-122.5969426,,,,dead,car066_car066,none,Moberly,148.65,ATS,GPS,
car067,MO_car067,Rangifer tarandus,00:00.0,59:00.0,,,,f,caribou,collar,,,55.75340165,-122.5995964,,,,removal,car067_car067,none,Moberly,148.358,ATS,GPS,
car070,QU_car070,Rangifer tarandus,00:00.0,59:00.0,,,,f,caribou,collar,,,55.11393606,-121.340369,,,,removal,car070_car070,none,Quintette,150.479,ATS,GPS,
car068,QU_car068,Rangifer tarandus,00:00.0,59:00.0,,,,f,caribou,collar,,,28.13432133,-121.9435809,,,,removal,car068_car068,none,Quintette,150.465,ATS,GPS,
car074,QU_car074,Rangifer tarandus,00:00.0,59:00.0,,,,f,caribou,collar,,,55.11432311,-121.4229523,,,,removal,car074_car074,none,Quintette,150.489,ATS,GPS,
car073,QU_car073,Rangifer tarandus,00:00.0,,,,,f,caribou,collar,,,54.90022551,-121.300636,,,Lost,other,car073_car073,none,Quintette,150.43,ATS,GPS,
car072,QU_car072,Rangifer tarandus,00:00.0,59:00.0,time/place of death based on GPS. cod Unknown.  Suspected wolf predation,,,f,caribou,collar,54.69695327,-121.8345539,54.9015771,-121.3425189,,,,dead,car072_car072,none,Quintette,150.45,ATS,GPS,
car075,QU_car075,Rangifer tarandus,00:00.0,59:00.0,,,,f,caribou,collar,,,55.11442649,-121.337448,,,,removal,car075_car075,none,Quintette,150.579,ATS,GPS,
car071,QU_car071,Rangifer tarandus,00:00.0,59:00.0,,,,f,caribou,collar,,,55.07449728,-121.4283258,,,,removal,car071_car071,none,Quintette,150.44,ATS,GPS,
car077,NA_car077,Rangifer tarandus,00:00.0,59:00.0,,,,f,caribou,collar,,,55.07624912,-120.5800836,,,,removal,car077_car077,none,Narraway,149.45,ATS,GPS,
car078,NA_car078,Rangifer tarandus,00:00.0,59:00.0,time/place of death based on GPS. cod Predation - Wolf,,,f,caribou,collar,55.07700374,-120.3153435,55.05450426,-120.5959428,,,,dead,car078_car078,none,Narraway,149.428,ATS,GPS,
car080,MO_car080,Rangifer tarandus,00:00.0,59:00.0,time/place of death based on GPS. cod Predation - Unknown predator,,,f,caribou,collar,55.78256339,-122.4266288,55.79987005,-122.5795948,,,,dead,car080_car080,none,Moberly,148.228,ATS,GPS,
car079,MO_car079,Rangifer tarandus,00:00.0,59:00.0,time/place of death based on GPS. cod Predation - Unknown predator,,,f,caribou,collar,55.70720032,-123.1973489,55.86289192,-122.7949939,,,,dead,car079_car079,none,Moberly,148.191,ATS,GPS,
car098,KE_car098,Rangifer tarandus,00:00.0,59:00.0,,,,f,caribou,collar,,,55.23270883,-122.5904404,,,,removal,car098_car098,none,Kennedy,148.438,ATS,GPS,
car096,KE_car096,Rangifer tarandus,00:00.0,59:00.0,,,,f,caribou,collar,,,55.31367567,-122.7896121,,,,removal,car096_car096,none,Kennedy,148.39,ATS,GPS,
car095,KE_car095,Rangifer tarandus,00:00.0,59:00.0,time/place of death based on GPS. cod Unknown.  Suspected predation,,,f,caribou,collar,55.2891517,-122.5310297,55.31367567,-122.7896121,,,,dead,car095_car095,none,Kennedy,150.45,ATS,GPS,
car099,KE_car099,Rangifer tarandus,00:00.0,59:00.0,,,,f,caribou,collar,,,55.23270883,-122.5904404,,,,removal,car099_car099,none,Kennedy,148.38,ATS,GPS,
car097,KE_car097,Rangifer tarandus,00:00.0,59:00.0,,,,f,caribou,collar,,,55.23270883,-122.5904404,,,,removal,car097_car097,none,Kennedy,148.777,ATS,GPS,
car102,MO_car102,Rangifer tarandus,00:00.0,59:00.0,,15-Dec,with calf: N,f,caribou,collar,,,55.99397469,-122.6061069,"BC, DC, MK, WMC",,,removal,car102_car102,none,Moberly,148.76,ATS,GPS G2000,12347
car101,BP_car101,Rangifer tarandus,00:00.0,59:00.0,time/place of death based on GPS. cod Unknown.  Suspected wolf predation,05-Mar,with calf: Unk,f,caribou,collar,55.38963877,-122.269084,55.42126297,-122.3152811,"BC, DC, MK, WMC",includ. CAR100 (149.801),,dead,car101_car101,none,Burnt Pine,149.73,ATS,GPS G2000,22305
car100,BP_car100,Rangifer tarandus,00:00.0,59:00.0,,05-Mar,with calf: N,f,caribou,collar,,,55.42126297,-122.3152811,"BC, DC, MK, WMC",includ. CAR101 (149.730); *no photos due to temp (-30 C),,removal,car100_car100,none,Burnt Pine,149.801,ATS,GPS G2000,22313
car103,MO_car103,Rangifer tarandus,00:00.0,59:00.0,,03-Feb,with calf: N,f,caribou,collar,,,55.86862183,-122.497179,"BC, DC, MK, WMC",,,removal,car103_car103,none,Moberly,148.519,ATS,GPS G2000,12371
car104,MO_car104,Rangifer tarandus,00:00.0,59:00.0,,07-May,with calf: N,f,caribou,collar,,,55.78901711,-122.4501234,"BC, DC, MK, TE",includ. CAR080  (ATS 148.228),,removal,car104_car104,none,Moberly,148.41,ATS,GPS G2000,12370
car106,QU_car106,Rangifer tarandus,00:00.0,59:00.0,,05-Mar,with calf: N,f,caribou,collar,,,54.92434282,-120.9844692,"BC, MK, DC",includ. CAR105 and CAR059,,removal,car106_car106,none,Quintette,149.61,ATS,GPS G2000,22304
car105,QU_car105,Rangifer tarandus,00:00.0,59:00.0,,07-May,with calf: N,f,caribou,collar,,,54.93107863,-121.0119635,"BC, MK, DC",includ. CAR106 and CAR059 (ATS 150.559; with calf; programmed  collar release failed - recaptured and collar retrieved),,removal,car105_car105,none,Quintette,149.648,ATS,GPS G2000,22308
car107,QU_car107,Rangifer tarandus,00:00.0,59:00.0,time/place of death based on GPS. cod Predation - Wolf,10-Aug,with calf: N,f,caribou,collar,54.71304269,-121.0981002,54.87273019,-120.968233,"BC, MK, DC, SC","includ. CAR036, CAR105 and CAR106; retrieved released collar 150.690 (CAR057) from same ridge.",,dead,car107_car107,none,Quintette,149.769,ATS,GPS G2000,22309
car110,QU_car110,Rangifer tarandus,00:00.0,59:00.0,,10-Aug,with calf: N,f,caribou,collar,,,55.14727287,-121.369821,"BC, GA, DC, LW","includ. CAR070, CAR075, and CAR111",,removal,car110_car110,none,Quintette,149.779,ATS,GPS G2000,22311
car112,QU_car112,Rangifer tarandus,00:00.0,59:00.0,,07-May,with calf: Y,f,caribou,collar,,,55.117158,-121.3354215,"BC, GA, DC, LW",includ. CAR007; *2+ calves,,removal,car112_car112,none,Quintette,149.748,ATS,GPS G2000,22307
car114,QU_car114,Rangifer tarandus,00:00.0,59:00.0,,05-Mar,with calf: Y,f,caribou,collar,,,55.19721978,-121.4930991,"BC, GA, DC, LW",includ. CAR071; *1+ calves,,removal,car114_car114,none,Quintette,149.708,ATS,GPS G2000,22314
car111,QU_car111,Rangifer tarandus,00:00.0,59:00.0,,07-May,with calf: Y,f,caribou,collar,,,55.14727287,-121.369821,"BC, GA, DC, LW","*antlers broken; includ. CAR070, CAR075, and CAR110",,removal,car111_car111,none,Quintette,149.689,ATS,GPS G2000,22312
car113,QU_car113,Rangifer tarandus,00:00.0,59:00.0,,07-May,with calf: Y,f,caribou,collar,,,55.12831791,-121.3975716,"BC, GA, DC, LW",,,removal,car113_car113,none,Quintette,149.718,ATS,GPS G2000,22315
car109,QU_car109,Rangifer tarandus,00:00.0,59:00.0,time/place of death based on GPS. cod Predation - Wolf,05-Mar,with calf: Y,f,caribou,collar,54.92091838,-120.8613899,54.84935951,-120.9574911,"BC, GA, DC, LW","*bald; group includ. CAR036, CAR105, CAR106, CAR107, and CAR108",,dead,car109_car109,none,Quintette,149.627,ATS,GPS G2000,22306
car116,MO_car116,Rangifer tarandus,00:00.0,59:00.0,time/place of death based on GPS. cod Unknown.  Suspected wolf predation,10-Aug,with calf: N,f,caribou,collar,55.94576706,-122.1238158,55.84356276,-122.7330221,"BC, MK, DC, PJ",missing 2 incisors,,dead,car116_car116,none,Moberly,148.65,ATS,GPS G2000,12553
car115,BP_car115,Rangifer tarandus,00:00.0,59:00.0,,07-May,,m,caribou,collar,,,55.46154303,-122.2046044,"BC, MK, DC, PJ",*mature male; old tear in right ear,,removal,car115_car115,none,Burnt Pine,148.13,ATS,GPS G2000,12550
car126,QU_car126,Rangifer tarandus,00:00.0,59:00.0,,06-Apr,with calf: Y,f,caribou,collar,,,54.93588476,-120.9981135,"BC, GA, DC, BP",includ. CAR 122 (bull collared at Bearhole in Dec 2009),,removal,car126_car126,none,Quintette,149.652,ATS,GPS G2000,22308
car125,QU_car125,Rangifer tarandus,00:00.0,59:00.0,,15-Dec,with calf: N,f,caribou,collar,,,55.15345759,-121.3813869,"BC, GA, DC, BP",* in 2 groups of 22 + 13; caribou had been previously collared (eartag orange left/no ID number); excellent condition,,removal,car125_car125,none,Quintette,149.748,ATS,GPS G2000,22307
car130,KE_car130,Rangifer tarandus,00:00.0,59:00.0,,07-May,with calf: N,f,caribou,collar,,,55.20245574,-122.5968472,"BC, GA, DC, BP","previously uncollared group; collared CAR, 128, CAR 129, CAR 130",,removal,car130_car130,none,Kennedy,148.04,ATS,GPS G2000,22004
car128,KE_car128,Rangifer tarandus,00:00.0,59:00.0,,03-Feb,with calf: N,f,caribou,collar,,,55.20392887,-122.5939569,"BC, GA, DC, BP","previously uncollared group; collared CAR, 128, CAR 129, CAR 130",,removal,car128_car128,none,Kennedy,148.169,ATS,GPS G2000,22008
car131,KE_car131,Rangifer tarandus,00:00.0,59:00.0,,15-Dec,with calf: N,f,caribou,collar,,,55.19733882,-122.4901805,"BC, GA, DC, BP",includ. CAR121 and CAR 127,,removal,car131_car131,none,Kennedy,148.228,ATS,GPS G2000,22003
car129,KE_car129,Rangifer tarandus,00:00.0,59:00.0,time/place of death based on GPS. cod Predation - Wolf,03-Feb,with calf: N,f,caribou,collar,55.25034948,-122.3520599,55.20624099,-122.5920635,"BC, GA, DC, BP","previously uncollared group; collared CAR, 128, CAR 129, CAR 130; very low body fat",,dead,car129_car129,none,Kennedy,148.058,ATS,GPS G2000,22005
car127,KE_car127,Rangifer tarandus,00:00.0,59:00.0,,03-Feb,with calf: N,f,caribou,collar,,,55.20449387,-122.499344,"BC, GA, DC, BP",includ. CAR121 and new collar CAR 131,,removal,car127_car127,none,Kennedy,148.209,ATS,GPS G2000,22002
car132,NA_car132,Rangifer tarandus,00:00.0,59:00.0,cod Predation - Wolf,05-Mar,with calf: N,f,caribou,collar,,,55.02934921,-120.2226574,"BC, GA, DC",includ. CAR123 and new collar CAR 133; hair loss on shoulders and flanks resembles winter tick rubbing/no ticks observed,,removal,car132_car132,none,Narraway,148.47,Lotek,GPS Iridium,2763 IRD000147
car133,NA_car133,Rangifer tarandus,00:00.0,,,06-Apr,with calf: N,f,caribou,collar,,,55.06321083,-120.2299917,"BC, GA, DC",includ. CAR123 and new collar CAR 132,Lost,other,car133_car133,none,Narraway,148.72,Lotek,GPS Iridium,2765 IRD000149
car134,NA_car134,Rangifer tarandus,00:00.0,,,03-Feb,with calf: N,f,caribou,collar,,,55.09471258,-120.2158518,"BC, GA, DC, BP",Group includ. CAR132 (with calf).,Lost,other,car134_car134,none,Narraway,148.81,Lotek,GPS Iridium,2766 IRD000150
car136,QU_car136,Rangifer tarandus,00:00.0,59:00.0,cod Unknown,06-Apr,with calf: N,f,caribou,collar,54.92708982,-121.3409496,55.00183461,-121.34178,"BC, GA, DC, TE","Poor condition, abundant hair breakage, no sign of warbles.",,dead,car136_car136,none,Quintette,149.16,Lotek,GPS Iridium,30788
car135,NA_car135,Rangifer tarandus,00:00.0,,,05-Mar,with calf: N,f,caribou,collar,,,55.09478544,-120.2233712,"BC, GA, DC, TE",Group includ. CAR132 (with calf) and CAR 134.,Lost,other,car135_car135,none,Narraway,148.51,Lotek,GPS Iridium,2764 IRD000148
car140,QU_car140,Rangifer tarandus,00:00.0,59:00.0,cod Unknown,06-Apr,with calf: Y,f,caribou,collar,54.86864718,-120.9557833,54.86135971,-120.8727234,"BC, GA, DC, TE",Group includ. CAR122 and CAR126.,,dead,car140_car140,none,Quintette,149.07,Lotek,GPS Iridium,30779
car138,QU_car138,Rangifer tarandus,00:00.0,59:00.0,,06-Apr,with calf: N,f,caribou,collar,,,54.85339372,-120.9595306,"BC, GA, DC, TE",,Recovered failed collar and replaced with a new one.,removal,car138_car138_1,none,Quintette,149.19,Lotek,GPS Iridium,30791
car146,QU_car146,Rangifer tarandus,00:00.0,59:00.0,,05-Mar,with calf: N,f,caribou,collar,,,55.16550381,-121.501847,"BC, GA, DC, TE",Group includ. unidentified older collar.,Recovered failed collar and replaced with a new one.,removal,car146_car146_1,none,Quintette,149.21,Lotek,GPS Iridium,30954
car142,QU_car142,Rangifer tarandus,00:00.0,,,05-Mar,with calf: Unk,f,caribou,collar,,,55.12121526,-121.345603,"BC, GA, DC, TE",Group includ. CAR125 and new collars CAR141 and CAR143.,Lost,other,car142_car142,none,Quintette,149.06,Lotek,GPS Iridium,30778
car143,QU_car143,Rangifer tarandus,00:00.0,,,03-Feb,with calf: N,f,caribou,collar,,,55.12127813,-121.3456004,"BC, GA, DC, TE","Group includ. CAR125, CAR141, and CAR142.",Lost,other,car143_car143,none,Quintette,149.11,Lotek,GPS Iridium,30783
car144,BP_car144,Rangifer tarandus,00:00.0,,,05-Mar,with calf: N,f,caribou,collar,,,55.43659136,-122.3378226,"BC, GA, DC, TE",Group includ. CAR 145; very rich terrestrial lichen supply on eastern lower slopes of Stephenson.,Lost,other,car144_car144,none,Burnt Pine,149.15,Lotek,GPS Iridium,30787
car139,QU_car139,Rangifer tarandus,00:00.0,,,05-Mar,with calf: N,f,caribou,collar,,,54.86148763,-120.9074971,"BC, GA, DC, TE",,Lost,other,car139_car139,none,Quintette,149.22,Lotek,GPS Iridium,30955
car141,QU_car141,Rangifer tarandus,00:00.0,,,08-Jun,with calf: Y,f,caribou,collar,,,55.12127813,-121.3456004,"BC, GA, DC, TE",Group includ. CAR125 and new collars CAR142 and CAR143.,Lost,other,car141_car141,none,Quintette,149.14,Lotek,GPS Iridium,30786
car137,QU_car137,Rangifer tarandus,00:00.0,59:00.0,,03-Feb,with calf: N,f,caribou,collar,,,54.86580666,-120.9621918,"BC, GA, DC, TE","Heavy snowmobile activity in area (alpine, subalpine and below treeline)",Recovered failed collar and replaced with a new one.,removal,car137_car137_1,none,Quintette,149.2,Lotek,GPS Iridium,30792
car145,BP_car145,Rangifer tarandus,00:00.0,59:00.0,cod Unknown,07-May,with calf: N,f,caribou,collar,,,55.43659136,-122.3378226,"BC, GA, DC, TE",Group includ. CAR 144;  snow depth in valley on west side of mtn = 1.3 metres; abundant arboreal lichen on subalpine fir.,,dead,car145_car145,none,Burnt Pine,149.08,Lotek,GPS Iridium,30780
car149,MO_car149,Rangifer tarandus,00:00.0,59:00.0,cod Unknown,08-Jun,with calf: N,f,caribou,collar,55.85274015,-122.5139006,55.85653501,-122.4689794,"BC, GA, DC, RD",Group includ. CAR103 (148.519).,,dead,car149_car149,none,Moberly,149.09,Lotek,GPS Iridium,30781
car147,MO_car147,Rangifer tarandus,00:00.0,,,05-Mar,with calf: N,f,caribou,collar,,,55.88340196,-122.9456482,"BC, GA, DC, RD",Group includ. CAR104 (148.410).,Infometrics,other,car147_car147,none,Moberly,149.12,Lotek,GPS Iridium,30784
car148,MO_car148,Rangifer tarandus,00:00.0,59:00.0,cod Predation - Wolf,07-May,with calf: N,f,caribou,collar,55.75019288,-122.6399358,55.81067319,-122.8140168,"BC, GA, DC, RD",,,dead,car148_car148,none,Moberly,149.13,Lotek,GPS Iridium,30785
car151,MO_car151,Rangifer tarandus,00:00.0,59:00.0,cod Predation - Unknown predator,12-Oct,with calf: N,f,caribou,collar,55.82464929,-122.5591136,55.76011096,-122.5905719,"BC,GA, DC, GS",Group includ. CAR150; teeth worn down to gumline.,,dead,car151_car151,none,Moberly,149.1,Lotek,GPS Iridium,30782
car152,QU_car152,Rangifer tarandus,00:00.0,59:00.0,cod Predation - Unknown predator,05-Mar,with calf: N,f,caribou,collar,55.09141106,-121.3733638,55.19920204,-121.471121,"BC,GA, DC, GS",Group includ. CAR111 (149.689; recaptured to retrieve collar).,,dead,car152_car152,none,Quintette,149.18,Lotek,GPS Iridium,30790
car150,MO_car150,Rangifer tarandus,00:00.0,59:00.0,,05-Mar,with calf: N,f,caribou,collar,,,55.76011096,-122.5905719,"BC,GA, DC, GS",Group includ. CAR151.,,removal,car150_car150_1,none,Moberly,149.17,Lotek,GPS Iridium,30789
car153,KE_car153,Rangifer tarandus,00:00.0,59:00.0,cod Predation - Unknown predator,06-Apr,with calf: N,f,caribou,collar,55.31908506,-122.360615,55.25750006,-122.5716669,"BC, GA, JC",,,dead,car153_car153,none,Kennedy,149.304,ATS,GPS Iridium,31048
car154,KE_car154,Rangifer tarandus,00:00.0,59:00.0,,03-Feb,with calf: N,f,caribou,collar,,,55.19228975,-122.4819354,"BC, GA, JC",,,removal,car154_car154,none,Kennedy,149.296,ATS,GPS Iridium,31047
car157,KE_car157,Rangifer tarandus,00:00.0,59:00.0,"cod Accidental, Collar Still in Field, Inaccessible",08-Jun,with calf: N,f,caribou,collar,55.18155998,-122.50196,55.29278087,-122.6124357,"BC,DC,GW,RA",,,dead,car157_car157,none,Kennedy,149.285,ATS,GPS Iridium,31046
car156,KE_car156,Rangifer tarandus,00:00.0,59:00.0,,07-May,with calf: N,f,caribou,collar,,,55.23312662,-122.5317064,"BC,DC,GW,RA",,,removal,car156_car156_1,none,Kennedy,149.314,ATS,GPS Iridium,31049
car155,KE_car155,Rangifer tarandus,00:00.0,59:00.0,,07-May,with calf: Y,f,caribou,collar,,,55.19611859,-122.473701,"BC,DC,GW,RA",,,removal,car155_car155_1,none,Kennedy,149.326,ATS,GPS Iridium,31050
car158,QU_car158,Rangifer tarandus,00:00.0,59:00.0,cod Predation - Wolf,06-Apr,with calf: N,f,caribou,collar,55.17077215,-121.5405257,55.21495753,-121.5281889,"BC,TE,RA,FG",Mort recovery deployed on new caribou,,dead,car158_car158,none,Quintette,149.18,Lotek,GPS Iridium,30790
car150,MO_car150,Rangifer tarandus,00:00.0,59:00.0,,05-Mar,with calf: N,f,caribou,collar,,,55.86300063,-122.4578027,"BC,TE,RA,FG",Redeployment of mortality recovery,Recovered failed collar and replaced with a new one.,removal,car150_car150_2,none,Moberly,149.17,Lotek,GPS Iridium,30789
car146,QU_car146,Rangifer tarandus,00:00.0,59:00.0,,05-Mar,with calf: N,f,caribou,collar,55.06053482,-121.4395426,55.21495753,-121.5281889,"BC,TE,RA,FG",Recapture - failed Iridium 149.210 removed; replaced with new Iridium.,,dead,car146_car146_2,none,Quintette,149.21,Lotek,GPS Iridium,30954
car137,QU_car137,Rangifer tarandus,00:00.0,59:00.0,,05-Mar,with calf: N,f,caribou,collar,,,54.87348105,-121.0191177,"BC,TE,RA",Recapture - failed Iridium 149.220 removed; replaced with new Iridium.,Recovered failed collar and replaced with a new one.,removal,car137_car137_2,none,Quintette,149.2,Lotek,GPS Iridium,30792
car159,QU_car159,Rangifer tarandus,00:00.0,59:00.0,,05-Mar,with calf: N,f,caribou,collar,,,54.88920346,-121.0076805,"BC,TE,RA",,Recovered failed collar and replaced with a new one.,removal,car159_car159_1,none,Quintette,149.35,Lotek,GPS Iridium,32201
car161,MO_car161,Rangifer tarandus,00:00.0,,,15-Dec,with calf: N,f,caribou,collar,,,55.7780167,-122.4742565,"TE,BC,MK",,Lost,other,car161_car161,none,Moberly,149.1,Lotek,GPS Iridium,33155
car166,QU_car166,Rangifer tarandus,00:00.0,59:00.0,cod Predation - Grizzly,06-Apr,with calf: N,f,caribou,collar,55.08105672,-121.4929111,55.04264275,-121.4484176,"TE,BC,MK,JC",,,dead,car166_car166,none,Quintette,149.255,ATS,GPS Iridium,30827
car163,QU_car163,Rangifer tarandus,00:00.0,59:00.0,cod Collar Still in Field,06-Apr,with calf: N,f,caribou,collar,,,55.11353443,-121.7747958,"TE,BC,MK,JC",,,dead,car163_car163,none,Quintette,149.265,ATS,GPS Iridium,30828
car167,QU_car167,Rangifer tarandus,00:00.0,,,06-Apr,with calf: N,f,caribou,collar,,,55.14903049,-121.3742375,"TE,BC,MK,JC",,Lost,other,car167_car167,none,Quintette,149.244,ATS,GPS Iridium,30826
car150,MO_car150,Rangifer tarandus,00:00.0,59:00.0,,06-Apr,with calf: N,f,caribou,collar,,,55.7892214,-122.4763382,"TE,BC,MK,JC",Recapture - failed Iridium 149.100 removed; replaced with new Iridium.,Infometrics,other,car150_car150_3,none,Moberly,149.17,Lotek,GPS Iridium,30789
car171,SC_car171,Rangifer tarandus,00:00.0,,,08-Jun,with calf: Y,f,caribou,collar,,,55.87166322,-123.3417703,"BC,DC,TE,MK","same group as car168, car169 &car170",the tag remained deployed as of 7/31/2016 when data were sent to be added Movebank,other,car171_car171,none,Scott,148.524,ATS,GPS Iridium,32303
car170,SC_car170,Rangifer tarandus,00:00.0,59:00.0,cod Predation - Wolf,03-Feb,with calf: N,f,caribou,collar,55.90501066,-123.6158964,55.85990702,-123.3557102,"BC,DC,TE,MK",same group as car168 & car169,,dead,car170_car170,none,Scott,148.535,ATS,GPS Iridium,32304
car168,SC_car168,Rangifer tarandus,00:00.0,,,08-Jun,with calf: N,f,caribou,collar,,,55.85995549,-123.3544805,"BC,DC,TE,MK",,Infometrics,other,car168_car168,none,Scott,148.544,ATS,GPS Iridium,32305
car169,SC_car169,Rangifer tarandus,00:00.0,59:00.0,cod Collar still in Field,10-Aug,with calf: N,f,caribou,collar,,,55.85998853,-123.3554873,"BC,DC,TE,MK",same group as car168,,dead,car169_car169,none,Scott,148.505,ATS,GPS Iridium,32302
car138,QU_car138,Rangifer tarandus,00:00.0,59:00.0,,08-Jun,with calf: N,f,caribou,collar,54.86655374,-120.9372347,54.87250961,-120.9754763,"BC,DC,TE,MK",Recapture - failed Iridium 149.190 removed; replaced with VHF. No data provided for this deployment.,,dead,car138_car138_2,none,Quintette,149.19,Lotek,GPS Iridium,30791
car173,QU_car173,Rangifer tarandus,00:00.0,59:00.0,cod Predation - Wolf,05-Mar,with calf: N,f,caribou,collar,54.79574748,-121.4433879,54.85236249,-121.0243436,"BC,DC,TE,MK",,,dead,car173_car173,none,Quintette,149.13,Lotek,GPS Iridium,30785
car172,QU_car172,Rangifer tarandus,00:00.0,59:00.0,,06-Apr,with calf: N,f,caribou,collar,,,54.83566555,-121.0124525,"BC,DC,TE,MK",,,removal,car172_car172_1,none,Quintette,149.276,ATS,GPS Iridium,30829
car137,QU_car137,Rangifer tarandus,00:00.0,,,05-Mar,with calf: N,f,caribou,collar,54.883612,-121.4057557,54.86460773,-121.0151583,"BC,DC,TE,MK",Recapture - failed Iridium 149.340 removed; replaced with VHF. No data provided for this deployment.,the tag remained deployed as of 7/31/2016 when data were sent to be added Movebank,other,car137_car137_3,none,Quintette,149.2,Lotek,GPS Iridium,30792
car175,QU_car175,Rangifer tarandus,00:00.0,,,,with calf: Y,f,caribou,collar,,,,,BC,,the tag remained deployed as of 7/31/2016 when data were sent to be added Movebank,other,car175_car175,none,Quintette,150.12,Lotek,GPS LifeCycle,37473
car159,QU_car159,Rangifer tarandus,00:00.0,59:00.0,,,with calf: N,f,caribou,collar,,,,,BC,Removed and replaced Lotek Iridium 149.350,,dead,car159_car159_2,none,Quintette,149.35,Lotek,GPS Iridium,32201
car178,NA_car178,Rangifer tarandus,00:00.0,,,,with calf: N,f,caribou,collar,,,,,BC,including car124 and new collar car179,the tag remained deployed as of 7/31/2016 when data were sent to be added Movebank,other,car178_car178,none,Narraway,150.25,Lotek,GPS LifeCycle,37486
car177,NA_car177,Rangifer tarandus,00:00.0,,,,with calf: N,f,caribou,collar,,,,,BC,Including Moberly 149.753 and unidentified failed Lotek Iridium,Lost,other,car177_car177,none,Narraway,150.23,Lotek,GPS LifeCycle,37484
car179,NA_car179,Rangifer tarandus,00:00.0,,,,with calf: N,f,caribou,collar,,,,,BC,including car124 and new collar car178,the tag remained deployed as of 7/31/2016 when data were sent to be added Movebank,other,car179_car179,none,Narraway,150.06,Lotek,GPS LifeCycle,37467
car183,QU_car183,Rangifer tarandus,00:00.0,59:00.0,cod Predation - Grizzly,,,f,caribou,collar,55.11177007,-121.3508194,,,,,,dead,car183_car183,none,Quintette,150.22,Lotek,GPS LifeCycle,37483
car181,QU_car181,Rangifer tarandus,00:00.0,,,,,f,caribou,collar,,,,,,,the tag remained deployed as of 7/31/2016 when data were sent to be added Movebank,other,car181_car181,none,Quintette,150.26,Lotek,GPS LifeCycle,37487
car180,QU_car180,Rangifer tarandus,00:00.0,59:00.0,cod Predation - Grizzly,,,f,caribou,collar,54.85562225,-120.8748657,,,,,,dead,car180_car180,none,Quintette,150.28,Lotek,GPS LifeCycle,37489
car182,QU_car182,Rangifer tarandus,00:00.0,,,,,f,caribou,collar,,,,,,,the tag remained deployed as of 7/31/2016 when data were sent to be added Movebank,other,car182_car182,none,Quintette,150.21,Lotek,GPS LifeCycle,37482
car186,KE_car186,Rangifer tarandus,00:00.0,,,,,f,caribou,collar,,,,,,,the tag remained deployed as of 7/31/2016 when data were sent to be added Movebank,other,car186_car186,none,Kennedy,150.15,Lotek,GPS LifeCycle,37476
car187,KE_car187,Rangifer tarandus,00:00.0,59:00.0,cod Vehicle Collision,,,f,caribou,collar,55.12305172,-122.8165356,,,,,,dead,car187_car187,none,Kennedy,150.02,Lotek,GPS LifeCycle,37463
car185,KE_car185,Rangifer tarandus,00:00.0,,,,,f,caribou,collar,,,,,,,the tag remained deployed as of 7/31/2016 when data were sent to be added Movebank,other,car185_car185,none,Kennedy,150.14,Lotek,GPS LifeCycle,37475
car156,KE_car156,Rangifer tarandus,00:00.0,,,,with calf: N,f,caribou,collar,,,,,,,the tag remained deployed as of 7/31/2016 when data were sent to be added Movebank,other,car156_car156_2,none,Kennedy,149.314,ATS,GPS Iridium,31049
car184,KE_car184,Rangifer tarandus,00:00.0,59:00.0,cod Unknown,,,f,caribou,collar,,,,,,,,dead,car184_car184,none,Kennedy,150.13,Lotek,GPS LifeCycle,37474
car155,KE_car155,Rangifer tarandus,00:00.0,59:00.0,,,with calf: Y,f,caribou,collar,,,,,,,Infometrics,other,car155_car155_2,none,Kennedy,149.326,ATS,GPS Iridium,31050
car188,QU_car188,Rangifer tarandus,00:00.0,,,,,f,caribou,collar,,,,,,,the tag remained deployed as of 7/31/2016 when data were sent to be added Movebank,other,car188_car188,none,Quintette,150.29,Lotek,GPS LifeCycle,37490
car190,QU_car190,Rangifer tarandus,00:00.0,,,,,f,caribou,collar,,,,,,,the tag remained deployed as of 7/31/2016 when data were sent to be added Movebank,other,car190_car190,none,Quintette,150.05,Lotek,GPS LifeCycle,37466
car192,QU_car192,Rangifer tarandus,00:00.0,,,,,f,caribou,collar,,,,,,,the tag remained deployed as of 7/31/2016 when data were sent to be added Movebank,other,car192_car192,none,Quintette,150.18,Lotek,GPS LifeCycle,37479
car189,QU_car189,Rangifer tarandus,00:00.0,,,,,f,caribou,collar,,,,,,,the tag remained deployed as of 7/31/2016 when data were sent to be added Movebank,other,car189_car189,none,Quintette,150.2,Lotek,GPS LifeCycle,37481
car191,QU_car191,Rangifer tarandus,00:00.0,,,,,f,caribou,collar,,,,,,,the tag remained deployed as of 7/31/2016 when data were sent to be added Movebank,other,car191_car191,none,Quintette,150.03,Lotek,GPS LifeCycle,37464
car172,QU_car172,Rangifer tarandus,00:00.0,,,,with calf: N,f,caribou,collar,,,,,,,the tag remained deployed as of 7/31/2016 when data were sent to be added Movebank,other,car172_car172_2,none,Quintette,149.276,ATS,GPS Iridium,30829
car194,QU_car194,Rangifer tarandus,00:00.0,,,,,f,caribou,collar,,,,,,,the tag remained deployed as of 7/31/2016 when data were sent to be added Movebank,other,car194_car194,none,Quintette,150.11,Lotek,GPS LifeCycle,37472
car197,QU_car197,Rangifer tarandus,00:00.0,,,,,f,caribou,collar,,,,,,,the tag remained deployed as of 7/31/2016 when data were sent to be added Movebank,other,car197_car197,none,Quintette,150.08,Lotek,GPS LifeCycle,37469
car195,QU_car195,Rangifer tarandus,00:00.0,,,,,f,caribou,collar,,,,,,,the tag remained deployed as of 7/31/2016 when data were sent to be added Movebank,other,car195_car195,none,Quintette,150.17,Lotek,GPS LifeCycle,37478
car196,QU_car196,Rangifer tarandus,00:00.0,,,,,f,caribou,collar,,,,,,,the tag remained deployed as of 7/31/2016 when data were sent to be added Movebank,other,car196_car196,none,Quintette,150.24,Lotek,GPS LifeCycle,37485
car199,KE_car199,Rangifer tarandus,00:00.0,,,,,f,caribou,collar,,,,,,,,unknown,car199_car199,none,Kennedy,150,Lotek,GPS LifeCycle,37461
car200,KE_car200,Rangifer tarandus,00:00.0,,,,,f,caribou,collar,,,,,,,,unknown,car200_car200,none,Kennedy,150.19,Lotek,GPS LifeCycle,37480
car198,KE_car198,Rangifer tarandus,00:00.0,,,,,f,caribou,collar,,,,,,,,unknown,car198_car198,none,Kennedy,150.09,Lotek,GPS LifeCycle,37470
